id,first_name,last_name,email,password,birthdate,address,phone
5956,Alicia,Baker,rachel86@example.org,)9SyD5as3K,1982-09-29,"1430 Michael Pines Apt. 033
Port Samanthafurt, CT 18780",001-995-260-5140x2068
5581,Rachel,Johnson,cynthia26@example.org,(nOjGRV^f9,1943-04-10,"73465 Parks Crossroad Apt. 100
Collinschester, MN 14435",001-505-649-3191
8663,Matthew,Coleman,tapiamichael@example.net,R(4Rl0vx7G,1927-08-22,"670 Owens Road Suite 715
Russellville, WV 46033",470.268.3342
1277,Deanna,Cochran,matthewsmith@example.org,8p)YQOiU_1,1963-09-23,"86221 Andrew Drive
Davidfort, PA 31482",294.282.4338
3291,Diane,Johnson,howarddanny@example.org,#)lg4HbKVa,2000-04-27,"08285 Powell Curve
Jessicamouth, ND 10617",(997)962-2348
6654,Sean,Vargas,imolina@example.org,@_D43$Mrq8,1992-12-22,"3324 Sarah Prairie Suite 236
Michaelmouth, GU 30660",+1-818-321-7888x645
5783,Michelle,Massey,caseykelly@example.net,O&8LgXFa&8,2018-03-04,"4017 Allen Summit
Barkerside, OR 99620",(619)820-4010x5784
6900,Jason,Phillips,janice42@example.org,q30BRfQT9!,1997-08-24,"PSC 5717, Box 8854
APO AE 66105",001-466-429-5543x5683
4641,Alison,Wilkins,birdsydney@example.net,&S*x0A$xQ+,1967-07-30,"1815 Lin Crossroad Apt. 501
East Erica, MT 07493",930.518.1478x660
8849,Tammy,Bass,johnstonallison@example.org,6Fz8nAqn+0,1937-04-03,"0564 Paul Hollow Apt. 285
West Russell, IA 27814",001-707-758-9046x98655
3994,Lisa,Moore,ttaylor@example.net,oMThLvl5+9,1986-10-06,"237 Michelle Brook Suite 546
Deannafort, MS 89985",001-757-842-5013x21481
6921,Nancy,Nelson,lopezcandace@example.com,MzA0jXJib(,1956-09-19,"79905 Parker Walk Suite 549
New William, UT 50661",484.808.9838
73,Erin,Reid,kevin04@example.com,GKdMPK6d&0,1998-10-08,"41269 Adrienne Locks Apt. 692
East Christopher, OH 67357",6746388660
6829,Anthony,Skinner,pclark@example.net,m)z6GR!nyp,1916-09-23,"43497 David Island
Perezland, AL 61407",+1-694-880-6338x9007
9423,Michael,Martinez,randy57@example.org,1aV&X1Wq9O,1918-03-10,"3043 Eric Port
Katherinemouth, FL 97249",001-577-248-8639x51015
5142,Nathaniel,Jimenez,andrew45@example.com,_cWECDnoo3,1959-03-15,"373 Vicki Mount Suite 432
Paulbury, MH 07562",001-458-601-4249
1788,Julie,Black,robertjohnson@example.net,&i#84JjbdT,1994-10-24,"5685 Price Heights
Cooperchester, MO 62826",949-948-1987
2403,Sarah,Carter,douglasyoung@example.com,@5MBhY_^d%,1959-04-17,"527 Weaver Ways Suite 807
Port Robertfort, HI 55322",3325699763
251,Jennifer,Cooke,jeffreylawrence@example.net,%v4Veu!9fB,1951-03-06,"USS Jackson
FPO AA 18527",371.899.6365x65882
4394,Shane,Johnston,bgonzales@example.com,MNw1NyD8V@,1926-06-29,"304 Amber Circles
North Russellville, AZ 88474",757.210.0266
2900,Jennifer,Huynh,hubbardalyssa@example.com,_GyuzMKjG0,1996-08-13,"4209 Steven Hill Suite 538
Vasquezton, PR 02749",699-868-4630x49951
8254,Sandra,Martin,jvaldez@example.com,L$6sW!jc3^,1984-10-10,"Unit 7061 Box 5580
DPO AP 98591",001-673-932-3966x224
2864,Robin,Bailey,reginajohnson@example.org,+3DmRq!@UG,1928-04-22,"094 Hurst Field Suite 869
Holtfurt, MH 22338",508.314.6496x627
8701,Julia,Barnes,carla22@example.com,GJZ9%Ld&G*,1988-12-04,"2101 Laurie Centers Apt. 573
Christopherville, MD 74509",+1-976-260-9155x2104
577,Lori,Hughes,gabriellerangel@example.com,Ox0VetZQM$,1921-11-23,"1619 Maynard Extensions
East Ryan, MI 18780",001-800-691-0748x0004
8909,Gregory,Foster,ggonzalez@example.org,(6C0T)VXb0,2004-02-03,"668 Jones Squares
Codyland, UT 35577",650-787-0339x6525
6270,Cynthia,Lyons,harry50@example.com,hb0v9oExp+,2001-04-29,"291 Noble Key
Crystalburgh, SC 71628",(351)544-0016
9107,Mary,Stewart,rachel93@example.net,#ET!u4RB5b,1987-03-15,"7598 Christopher Neck
Markfort, GA 86141",680-408-0838x1028
6955,Jill,Martinez,tina74@example.com,D&Et0Vfvwt,2003-03-04,"415 Matthew Pine
Lawrenceland, MP 11562",6224887618
8612,Molly,Allen,michael13@example.net,KTW3M!rd8*,1954-12-04,"4070 Edwards Estates
Sampsonton, MD 97822",001-813-560-1715x16469
4553,Monica,Pierce,laura19@example.org,u8#^l1Rn2&,1988-10-31,"6940 Jennifer Shoal Suite 178
South Melissaberg, VT 80436",707-458-2702
1814,Cynthia,Harrison,castromary@example.org,#$0PXGogi5,2014-07-14,"5777 Steven Locks
Port Patrick, OK 95990",(381)549-0410
9131,Donna,Meyers,brian86@example.net,c#7STiSOde,1921-08-21,"7606 Mark Plaza
West Monica, ID 34030",810-733-5583x500
1854,Maurice,Jackson,whernandez@example.org,tt&02MsoqN,1946-06-22,"USCGC Hunter
FPO AA 47192",+1-821-807-9559
5160,April,Clark,robertlittle@example.net,@8#Q78dZQQ,1983-09-15,"0740 Anthony Plaza
Leachmouth, MA 16298",215-522-1882x47649
611,Christopher,Moreno,danielharris@example.org,)hJ1Ek&SP(,1930-12-24,"0293 Linda Plain
Longmouth, AK 73786",613-667-6913x45868
1233,Jacqueline,Oneill,robert21@example.com,orS3VP8s(n,2012-08-10,"PSC 1414, Box 8021
APO AE 13379",920-297-5950x4740
2276,Valerie,Walker,larry49@example.com,_95vSvJsSc,2016-11-11,"9627 Angela Plaza
Woodmouth, CT 37757",899-302-6332
5166,Barbara,Mendez,wilsonkimberly@example.com,%WtUcB(k$0,2023-12-07,"38102 Christina Plain Apt. 261
West Philipchester, OK 65641",771.926.0742x9536
3620,Amanda,Foster,ashley44@example.com,*O0Tc+J@tE,1930-07-02,"188 Garza Alley Suite 975
Whitefurt, NC 97830",351.607.5145
1039,John,Wright,rmartinez@example.net,kbG411Wlr^,1994-04-21,"860 Hunt Track
Lucasville, WV 77418",(840)391-5643x0061
7305,Michelle,Miller,mayodonna@example.net,j_%0EgPutS,1922-04-04,"35121 Michael Ford Apt. 662
Scottville, AR 07463",001-964-431-6712x1932
4651,Mark,Phelps,daniel59@example.com,$ZCCAHmK5r,1943-11-06,"226 Katherine Harbors Suite 370
South Michelle, KY 71322",001-489-626-7465x03302
4238,Michael,Eaton,gpena@example.com,$qj!Agt+B4,1992-03-12,"5419 Turner Heights
East Susan, PW 51367",001-995-878-7724x50770
7010,Dawn,Calderon,hahnamanda@example.org,%9QI$Szr#O,1918-08-23,"9866 Andrew Union Apt. 518
Port Paul, AR 99785",575-808-1247
9450,Jessica,Keith,bartlettcraig@example.net,ci7Fgip!^A,1916-06-12,"Unit 1270 Box 4714
DPO AE 74069",291.395.5459x974
4047,Elizabeth,Smith,jortiz@example.org,euF^+2Ie1*,1928-08-02,"446 Jessica Trafficway
New Robertburgh, MO 68693",574-434-7350x552
5258,Joseph,Espinoza,joshuadominguez@example.com,Eiy0Ptp(_&,1916-07-20,"432 West Park Apt. 848
New Ericshire, NC 50304",001-468-454-5095x177
9555,Corey,Smith,miguelward@example.org,4)qFg5W+@z,2016-04-22,"PSC 9220, Box 8138
APO AE 91363",+1-576-826-2306x5196
7513,Stephanie,Rogers,wilcoxandrew@example.org,2jSmAV(6(B,1964-01-17,"5105 Ellis Pines Suite 907
Murphyview, SC 93077",(912)455-3900
6829,Carla,Collins,matthew15@example.org,#4XWZqEHl8,1945-08-25,"475 Perry Coves Apt. 828
Port Gerald, GA 26478",(452)504-8675x250
3124,David,Harris,aimeelove@example.com,Oo*d95Wyl&,1954-08-30,"USS Silva
FPO AE 85371",(802)528-5232
4239,Sean,Garcia,dorothyharris@example.net,%o*HUX00(8,1913-09-22,"85474 Brandy Roads
Christophertown, MO 76088",(583)514-7202x36987
8678,William,Mitchell,kathy66@example.net,6gcCc1ui^z,1920-11-29,"36161 Natasha Fort Suite 291
North Spencerburgh, OR 64524",8899646907
2614,Deanna,Adams,uanderson@example.net,$(TW*8iI_0,1970-10-15,"481 Davis Shoals Suite 824
West Melissa, FL 38044",(818)576-1131x699
6338,Heather,Hays,clarkangelica@example.org,(fBdKxTd_0,1992-04-18,"4527 Zachary Ridges Suite 318
New Jacob, OH 41684",001-431-956-4295x9906
1727,Jennifer,Black,nicholasreid@example.net,)pyiE9waY6,1924-05-10,"63990 Joshua Corners
Craigmouth, TN 60014",001-260-895-2204
3950,Kimberly,Smith,murphyclaire@example.net,!sOMJ1y9!8,1985-07-06,"PSC 5339, Box 4612
APO AE 65369",+1-878-227-1146x6305
7100,Stephanie,Dorsey,walterbennett@example.net,$rXyt+XC%8,1942-02-14,"Unit 8937 Box 1387
DPO AP 37910",+1-460-389-0658
9234,John,Russo,brandonjohnson@example.com,*FR+Y6BbeF,2002-07-05,"90431 Keller Tunnel
New Juliefurt, OR 29469",845-295-1414x7520
8161,Christian,Campbell,holmessamantha@example.net,k#^5eLsBtw,1992-01-21,"72898 Kevin Square Apt. 173
Jacksonburgh, ND 04865",(597)231-6046x14018
5998,Billy,Harris,lhernandez@example.org,DV4CElVq(O,2002-05-27,"121 Nelson Islands Suite 605
Jessicamouth, NM 97666",5588130635
6534,Ashley,Lester,emartin@example.com,@prH4mWhDw,1960-02-21,"USCGC Rose
FPO AE 38346",001-937-804-6770x8985
9615,Dana,Cohen,markalvarado@example.com,4Gy4&UfS)k,1999-02-06,"923 Thomas Lake Suite 358
West Brookeborough, PA 18406",614-790-6335x92639
7464,Thomas,Gibson,scott84@example.org,)^rE!u$x5M,1929-10-06,"9630 Ryan Manors Apt. 068
Port Joelmouth, MN 61604",729.686.0724
8254,Amy,Carter,bradatkinson@example.org,$jzCpV5lO7,1952-01-28,"98062 Montgomery Shore Apt. 899
East Wesley, VT 23149",772-604-1332x20942
7552,Amanda,Leonard,wendymoses@example.com,!vJko%TAn7,1985-09-19,"19450 Miguel Trace Apt. 874
East Emilyborough, MS 26901",537.932.8572x571
6242,Mark,Martin,dalekelley@example.net,#Y0BS#^c&8,1951-09-12,"02244 Davis Wells Apt. 311
Rivasmouth, IA 33120",+1-415-524-8040x3798
7114,Michael,White,rebecca40@example.org,D9LqfsZ&!G,1991-01-18,"558 Bentley Views
Nelsonmouth, IA 17721",289.831.8412x063
1348,Nicholas,Hernandez,angela30@example.net,Mo2l7Yjwn),1922-09-15,"656 Jose Burg
Lake Jessica, MI 01594",001-561-284-6820x3351
7326,Emily,Perry,ffuller@example.net,8%8QhwfOFK,2015-06-03,"8153 Hannah Grove Suite 085
South Rebeccaside, MH 16838",+1-442-660-1106
6549,Jesus,Cuevas,pricejoseph@example.net,4aHV2wTes+,2000-02-07,"65044 Tracey Underpass Suite 958
Williamsberg, UT 60135",757.488.7602x35107
414,Debra,Oliver,lisa65@example.net,!4*4cQ0nc(,1959-05-30,"Unit 2562 Box 3283
DPO AP 81344",906.506.2048x05947
1131,Anthony,Stewart,timothybutler@example.com,7tBddMdF)%,1909-10-24,"872 Lawrence Village Suite 899
Justinton, SD 63707",606-800-5123x99261
3272,Gerald,Martinez,kimberly13@example.net,$8()@J#izI,1913-02-13,"450 Johnson Stravenue Apt. 941
West Steve, WY 69326",+1-509-452-9941x58581
9217,Alexis,Reid,simonregina@example.com,#J)K$u2bf1,1988-12-06,"69719 Kim Inlet
Reedhaven, WV 70609",3556558992
9825,Summer,Mitchell,brenda93@example.com,f4!7PJpq+q,2008-10-20,"0225 Hamilton Crest Suite 521
West Andrewland, NJ 71145",+1-870-791-1795x68029
7564,Tiffany,Franco,huntmichael@example.net,%6@iIPFjqd,1948-05-06,"281 Hawkins Lights
Troyshire, DC 04453",(960)538-2803
5670,Christopher,Knox,millererica@example.net,H(32ur7p&G,1983-04-18,"396 Chavez Lakes
Molinachester, IA 64411",+1-706-397-1134x69836
2676,Timothy,Smith,mvalentine@example.com,L&18b4Q3Gf,1966-10-30,"39249 Tran Valleys Apt. 239
West Katie, KY 35051",850-857-3104x568
7901,Susan,Ashley,riveraryan@example.net,HWcYMVFj+4,1916-11-21,"339 Kevin Stravenue
New Julie, IA 03894",001-609-265-8035x615
3192,Jasmine,Miller,zwalters@example.org,2!1_DeOsQ),1935-10-25,"Unit 5854 Box 7167
DPO AE 17676",276-987-1048
6517,Karen,Floyd,juan59@example.net,RhW0JxV^w!,2005-09-13,"316 Perez Ports Apt. 571
Ramirezshire, AR 37675",694.750.2419
1503,Tamara,Brown,vpeterson@example.org,+8MERIjgQU,1983-06-19,"58003 Rodriguez Wells
Patriciafurt, MA 19397",763-312-7488x882
3128,Emily,Smith,rangeltroy@example.com,x8A8Vxot$_,1936-10-11,"8791 Richardson Point Apt. 460
Butlermouth, NE 75012",001-570-463-1656x3391
8134,Allison,Ellison,melissa04@example.com,k_9LK2p3_&,1927-12-30,"641 Smith Passage Suite 351
Lake Melissabury, TX 51199",(218)958-4535
926,Mallory,Cox,matthew91@example.com,u@9Mii6w#_,1992-04-16,"6457 Bowman Orchard
Erikaton, MD 07720",(834)440-1134
613,Rickey,Hall,sandra59@example.net,%#9I!pVp7C,1939-08-15,"246 Shaun Forge Suite 899
New Paul, GA 85500",(413)811-2491
8244,Kathleen,Holmes,christopher04@example.org,@4PVxGfrO^,1951-08-05,"Unit 7691 Box 3800
DPO AA 30281",649.802.3004x19735
2186,Paul,Kramer,alexandra41@example.org,l4ySZ6Ro+U,1999-04-23,"4084 Julie Stream Apt. 183
Lindafort, SC 62452",203.851.0797x770
2044,Brianna,Gray,jessicamata@example.net,G(O_9^SkE8,1918-09-25,"340 Emily Skyway
Davismouth, SD 12472",725-474-9555x0464
6183,Heather,Webb,fbonilla@example.net,%7STNBXyGN,1958-11-19,"694 Wesley Fall
Mitchellside, WY 17361",+1-941-404-1367x3778
1035,Amanda,Mooney,gardneraaron@example.com,U@7NoLcbHT,1941-08-31,"09167 Carl Street Apt. 779
South Danielchester, NV 71862",483-520-1367x80031
8570,Kristin,Garcia,luisward@example.com,j3r0QalcS_,1915-12-22,"738 Bishop Lane Apt. 991
Carterview, CT 84230",2094120719
6557,Maria,Rodriguez,owensadrienne@example.org,Y+1OfkvbT$,1947-03-22,"249 Peck Court Apt. 857
Lake Sheila, KY 81537",+1-374-930-2904x531
1917,Emily,Mendoza,reedmadison@example.net,^B7WUVfLBM,1963-03-29,"4375 Flowers Run
Kempfurt, SC 21022",(487)313-2533x3506
4615,Andrew,Oneill,patricia77@example.net,^f4Cexl7Is,1959-12-13,"7658 Carol Valley
Mccalltown, GU 24479",(557)421-1731x59210
9778,Angela,Stone,annapark@example.org,$*!Mjb@l3j,1948-04-28,"3890 Beltran Corner
Lake Elizabethtown, FM 11509",(336)205-1985x9498
1665,Robin,Chapman,vmoss@example.org,!G1uEuWe3g,1975-04-01,"513 Amy Spur
Brownmouth, WV 43679",616.214.8077
7407,Kevin,Smith,alyssacarter@example.com,bT6zNKfx)%,1956-09-09,"580 Christine Park
Timothyfurt, TX 93192",7187925886
4157,Brian,Mann,carrieanderson@example.org,Gf&0C1hKUp,1909-07-31,"090 Justin Station
South Katherine, WA 70130",982-399-9678
5274,Sherry,Jones,johnnyrose@example.org,mnJPzDf9^7,2013-08-13,"6507 Smith Crescent Apt. 157
Leeside, SC 51417",001-204-730-9494
5501,Andrew,Woods,rodriguezmelissa@example.net,&3eYdt4+Cs,1970-04-30,"523 Burton Street Apt. 032
Jeffreystad, WA 08321",5527020373
5729,Kristen,Rivera,brianrivera@example.net,6qi1*#VmC!,1923-10-02,"644 Farmer Roads Suite 949
Johnsonton, MT 01195",(374)840-6933
3614,Elizabeth,Palmer,edwardslisa@example.org,GOR3V*mz&x,1973-11-03,"Unit 8316 Box 0442
DPO AA 12224",001-959-241-8048x87780
5647,Amanda,Brooks,wooderica@example.com,@cH19LFi7&,1970-05-13,"058 Emily Radial
West Brooketown, IA 27453",001-206-574-1672x012
4253,Rebecca,Nicholson,anthonyhurley@example.com,TRrPTjho+2,1941-10-10,"2537 Sean Brook
East Dustin, PR 94144",(740)652-2718
5842,Philip,Hudson,longjason@example.net,#IKQ6A#17u,1963-08-04,"533 Kimberly Mountain
Morganmouth, IA 10939",(211)336-7351x55643
1035,Kimberly,Gillespie,paynezachary@example.org,Kp!d3Rw2_),2008-11-16,"636 Cody Course Apt. 216
Kristenport, RI 58069",479-321-3711x435
4762,Holly,Simmons,kenneth04@example.net,%kW$r7dP&8,1955-09-11,"400 Nicholas Unions
Tinafort, OH 55043",958.462.8987x41339
9475,Sara,Anderson,bonnie43@example.org,#RXjYxqq9Y,1936-08-08,"65713 Jeffrey Walks Suite 022
East Karenstad, KY 61417",001-468-332-3308
6673,Theodore,Graham,evan46@example.org,2s50CF$aS),1942-02-11,"PSC 1435, Box 9033
APO AP 43549",796.374.5845x153
589,Thomas,Rivera,emurphy@example.com,)i2Z$Hf^)4,2005-12-09,"31387 Clark Fall
South Mary, VT 89677",253.343.1502x4066
9904,Aaron,Cortez,lopezmichelle@example.org,x^6d&cCvq5,2009-01-19,"96424 Ryan Camp
Lake Caitlin, OH 80567",(991)666-4556x7965
4622,Laura,Flowers,piercejeffrey@example.com,$V0#Ge2d*%,1925-11-27,"367 Jon Stravenue
North Ryan, OK 26383",856.933.6058
9259,Brianna,Brown,millsdawn@example.net,)SRtEF$s4d,1914-10-12,"171 Bell Mission Suite 970
South Sarahberg, AS 68760",(909)407-0557x840
8900,Suzanne,Dean,paul75@example.net,qNLmDyFg_5,1977-03-20,"26618 Andrew Isle Apt. 228
Lake Matthewchester, VI 07726",(450)461-9207
5136,Shari,Olson,csmith@example.net,Z@c*)7Ww!7,2005-04-25,"33406 Leon Club
Port Elizabethside, MN 65837",+1-231-427-9058x38535
4552,Tammy,Schultz,emartinez@example.net,SV8TTabu+),2011-06-11,"183 Patrick Drives
South Roberttown, PA 39153",+1-854-251-8966x9771
8765,Daniel,Butler,cbonilla@example.net,K0DoMevF_s,1942-01-07,"740 Smith Corners
East John, MT 64983",001-749-246-8897
2686,Alejandro,Kelley,smoore@example.com,s0+VRygN*O,1977-06-21,"0593 Christopher Way Apt. 524
Port Carolinetown, VA 83250",779-973-3622x12458
2830,Tonya,Banks,nicolestevens@example.net,+I9RAWlyk4,1931-08-02,"36024 Terrell Light
Michaelport, MS 22145",5534126186
7001,Joseph,West,johnsonhannah@example.net,+99URPzbsN,1957-09-08,"478 Taylor Shoal Apt. 121
New Joshua, WV 44823",912-335-2661x30450
6566,Sean,Meyer,kenneth65@example.org,a7+42Egacv,1914-07-21,"PSC 3972, Box 4384
APO AA 51755",689.379.8942x7046
3531,Helen,Wang,boonecandice@example.com,H+5+Z8GY!m,1955-08-29,"2920 Snyder Hill
Hawkinsborough, MO 19140",001-448-519-0572x6353
2566,Johnathan,Craig,palexander@example.com,K2oVkFi)!&,1944-08-07,"690 Sandra Key
Gregoryburgh, UT 42249",+1-797-951-0475
7070,Dennis,Hall,joyceanderson@example.net,U3AzGhVb@N,1982-04-01,"96655 Todd Groves Suite 560
Noahbury, DE 62813",(450)813-2567x7210
8239,James,Sanchez,grose@example.org,q#K+_9ApkX,2012-06-14,"95482 Keith Fall
Kevinborough, TX 03158",001-253-972-0955x486
1201,Yvonne,Norton,timothy41@example.org,VF3X1f$No),1974-08-26,"7407 Kennedy Corner Suite 841
Chavezbury, WA 19303",(208)327-7732x225
2334,Henry,Randolph,allisonjennifer@example.org,_#5Rg^guen,1916-08-25,"46737 Garcia River Apt. 851
New Johntown, WY 85461",970.495.3436
2618,Wayne,Wallace,crystal85@example.com,B^h5e)ZzqU,1943-07-21,"31391 Brown Fields
New Shelby, NV 74447",506.974.6357x04754
6114,Jacob,Conway,jacqueline48@example.com,w3RJeqdK*P,1926-02-02,"3874 Joseph View Suite 648
South Douglas, SD 64586",350-939-4343x2714
7067,Randall,Rodgers,lesterstephanie@example.org,5sPWBTxV)F,1932-11-21,"6559 Osborne Plains Suite 675
Lake Ryan, MN 27362",782.564.2606
448,Susan,Pittman,gonzalezheather@example.net,7V8@FbgFS$,2018-04-09,"0716 Mendoza Coves
North Alyssa, MH 69704",441.544.4939x072
1733,Tara,Combs,crosbysean@example.com,8NG5TEli_h,1969-05-14,"USNS Hebert
FPO AA 87750",(984)804-5798x2820
8420,Caroline,Thomas,pamela59@example.org,!cIaKA)s*4,1942-05-28,"696 Bryan Springs
South Amyborough, DE 72233",593-823-3684x57670
2243,Morgan,Berger,nproctor@example.net,!5$$Tz$vli,1916-09-13,"579 Mccoy Ford
Maysfurt, AR 98480",001-770-963-1123x888
7895,Alexis,Lawson,xrodriguez@example.net,LUK6Uw9if*,1977-09-25,"217 Fowler Ford Suite 573
Youngchester, WV 74350",963-640-7101x3854
4284,John,Henderson,ericagarcia@example.net,PO5lKE#a8$,1928-05-21,"3857 Glass Forges Apt. 785
West Pamelahaven, FL 40535",001-635-849-2784x218
9485,David,Campbell,yfrazier@example.net,5b4gCJ(y*W,1970-08-27,"54865 Adrian Mission
Lake Scott, GA 21607",929.307.6042
6277,Andrew,Smith,simmonschristy@example.org,40NZJQjd#@,2000-12-01,"794 Walsh Plaza Apt. 029
West Josephview, DC 55437",+1-899-364-7805x2691
7361,Angela,Harmon,charles10@example.org,f6OHIEzk%5,1914-03-06,"91867 Antonio Field Suite 895
Kristenberg, MO 98010",(227)910-8953x64462
5975,Thomas,Rodriguez,chaseshawn@example.org,3nVdFV*3(c,2011-07-15,"9339 Matthew Street Apt. 797
Gonzalesmouth, FL 84249",+1-231-485-2023x58111
4310,Jessica,Chang,elizabethcarpenter@example.com,O&UQK2Ul0z,1948-08-22,"669 Munoz Villages Suite 126
Mendozafurt, AL 46414",(831)401-5448
1824,Gregory,Lopez,brownmichelle@example.com,$NyQKuV1y8,1996-04-22,"9116 Santiago Mount
Smithview, MA 03223",+1-463-921-3181
9743,Thomas,Mcmahon,janet96@example.org,+e3A%1Hjn%,2016-02-04,"54750 Kennedy Highway Suite 965
North Jesse, IL 83469",698-317-4343
4369,Beth,Miranda,courtney43@example.com,$0H@vp3Byv,1980-10-19,"801 Julie Plain Apt. 031
North Eric, WY 87085",(731)775-4486x00114
7881,Erin,Ramirez,lisaberger@example.org,!hHK8^deJ9,1970-08-19,"782 Thompson Drive Apt. 824
Garystad, SC 68624",+1-400-526-0665x81967
5074,Brenda,Taylor,cschwartz@example.net,1t(j9DRkqY,1975-10-31,"885 Murphy Field
Jasmineport, WY 15292",706.960.9408x747
3988,Christopher,Wright,franklinthomas@example.com,&2(1fRTeKn,1926-07-29,"96604 Jared Village
Stevemouth, IN 77492",+1-903-240-2927x038
9983,Brent,Simmons,michaelrodgers@example.net,Uk0MiGhsf@,2001-01-03,"2334 Cooke Manor Apt. 715
East Amytown, ME 01837",230-532-3019
694,Natalie,Smith,harringtonamanda@example.org,2O0QGl7H((,1987-10-26,"5046 Schneider Walks
Lindsaybury, CA 38084",(437)582-5180x66461
1402,Daniel,Turner,pramsey@example.net,^J1*7P4uhX,1955-09-20,"887 Jacqueline Camp
Lake Joshua, WY 51876",779-734-8318
6761,Patrick,Watson,wrightryan@example.org,NhrXk099^6,1936-03-21,"495 Anderson Walk Apt. 637
New Michaelview, FM 71356",857.248.3141x3117
8977,Craig,Hamilton,jodijohnson@example.org,o&6%sV#cel,2019-05-10,"38061 Woods Shoals
North Daniellefort, NE 59661",001-550-233-4653x688
1144,Kenneth,Strickland,lmoss@example.com,V5tUEY$r)N,1976-10-27,"641 Smith Courts Suite 404
Lake Johnview, IN 69059",402.756.5661
9972,Jordan,Mcpherson,ashley33@example.com,cYt(4ZNw6q,1926-09-09,"97404 Garcia Extension
Maryberg, MI 14879",610.534.3035
5188,Erika,Robinson,christinejohnson@example.org,NO23^ULg_v,1958-09-13,"85048 Mikayla Centers
West Jonathan, MT 84680",001-605-823-5747x8097
6507,Brandon,White,kholland@example.net,)8Ryus2pj4,1957-07-22,"USNS Johnson
FPO AE 44523",679.461.4109x2617
1431,Thomas,Taylor,carol07@example.org,!o@z*9Cmkw,1942-09-19,"77279 Chavez Club
Colemanhaven, PW 32896",502-814-4510
3649,Kenneth,Rivera,perezandrew@example.com,os0BZ&qk)%,2017-10-06,"6694 Karen Groves Apt. 064
North Jamesberg, MS 63983",001-355-630-7547x8808
6639,Kevin,Burch,andrewjohnson@example.com,+ZGtbgdu1t,1962-02-20,"06214 Pierce Squares Suite 622
North Destiny, NH 46060",759.453.8959
672,Jacqueline,Simpson,klopez@example.net,L#K2WYkl&X,1975-11-29,"67621 Johnson Key Apt. 334
Lake Destiny, SD 81439",+1-570-869-3734x669
8367,Sue,Lopez,kristyclark@example.net,qq11VDwC3@,1982-04-17,"598 Joshua Throughway
Lake Andrew, SD 17149",+1-633-283-1983x791
2627,Amber,Baker,sandramoran@example.org,5@U5iZPp)8,2003-05-12,"503 Jeremy Track Apt. 383
Mejiaview, CO 68923",(594)785-9084x7434
4486,Christopher,Gutierrez,hayesveronica@example.net,vUtDyGvy!2,1979-06-10,"969 Robert Circles Apt. 842
Dickersonberg, ME 42966",406-778-2260x226
2665,Tyler,Nelson,tracywiley@example.org,3cu%RvBa(+,1984-08-08,"8276 Allen Land Apt. 949
South Barbara, AK 90590",001-685-319-7215x62553
2616,Miranda,Cowan,vincent94@example.org,^jni8GvzCp,1984-10-28,"1985 Johnny Meadow Suite 287
Lake Jeffery, WA 73192",+1-465-835-4361x266
1283,Elizabeth,Adams,davidhowell@example.net,R^Dz*%l9+0,2010-08-20,"1954 Kyle Ports
Ryanberg, HI 89445",761.841.4828
9720,William,Figueroa,qvega@example.net,y(0I%d(WWV,1963-05-14,"04444 Harris Centers
Nelsonborough, KS 84430",4963710267
9676,Kristy,Carpenter,gmiller@example.org,%9RVBaPR^Y,2001-09-23,"829 Daniel Burgs Apt. 306
Arielton, CO 75415",(423)913-9433
3554,Kathryn,Lewis,ryan18@example.org,*IVxG*bw6e,2000-10-04,"65274 Angela Forks
Grantland, MH 65394",279.299.1949x867
7632,Kurt,Winters,bellbrittany@example.com,3#&8#lCul(,1981-01-11,"1672 Renee Crossing Suite 032
North Amy, CO 26133",6536127221
608,Mckenzie,Lowe,peggymorris@example.net,bx2A8bFQt%,1913-08-06,"55416 Steele Branch
Port Garymouth, MN 51143",336-482-7412
915,Sean,Hall,imcdowell@example.net,*z4Mulc+z!,1917-04-17,"72832 John Trafficway
Port Amanda, NH 13616",(900)328-9760
5095,Heidi,Crawford,zlee@example.org,+)Q9nKIyJa,1945-05-16,"49741 Klein Station
Jonesbury, CT 96495",467.927.9211x911
1405,Susan,Simmons,cookevan@example.net,H*o2TXseue,1911-06-01,"246 Steven Lodge
South George, MT 33781",552-866-6708x9762
3380,Matthew,Whitehead,cordovachris@example.com,+v9Zq)UYw2,1994-08-02,"8466 James Estate Apt. 783
Jonton, MA 07791",(337)805-1852
7712,James,Browning,gina23@example.net,PD24xCHz#3,1950-06-28,"0127 Colleen Gardens
Walkerbury, PA 18096",316.742.4511
4840,Kathy,Kim,mary49@example.net,cP8tDnbol*,1964-12-29,"57992 Christopher Circle
North Vanessa, WY 25752",974-793-6605
9312,Matthew,Pham,atkinsjames@example.com,Pj)VMCmy%0,1948-01-31,"6116 Amy Trail Suite 375
Vaughnview, AK 64098",217.791.3046
7037,Nicholas,Rivera,jamiemedina@example.net,*+VL7frS19,1923-12-29,"35286 Denise Flats Apt. 224
East Thomas, NC 04202",660-229-9454x573
7395,Kevin,Mcdowell,douglasfreeman@example.org,4)8!k7PzM^,1975-04-21,"44851 Rebekah Gateway Suite 467
East Markmouth, OK 67287",(204)458-6827x519
1943,Kristi,Lawson,robertsonnicholas@example.net,b)Q&06SfmJ,2020-04-03,"6086 Moore Ports Suite 674
East Katie, MS 01271",649.775.3671
2580,Micheal,Smith,elijah83@example.com,b@y7XNFiux,1997-02-12,"70279 Amanda Summit Suite 127
Lake Philliphaven, PR 79199",+1-593-658-5277x42941
9181,Nicole,Brooks,jdominguez@example.net,yDsu2!cBZ!,1951-07-26,"07294 Hawkins Plaza
West Sydney, WV 37793",562-963-1588x32362
9138,Michelle,Brown,rowlandanthony@example.com,E4QS1Was@Z,2008-08-21,"82504 Alyssa Extensions Suite 083
Melissaview, SC 28582",(858)393-2790
6759,Eric,Thompson,coryshelton@example.com,w*TM8Vhssz,1954-06-21,"2973 Jonathan Mission Suite 613
Charlesshire, VI 75409",592-762-7640x402
6315,Vicki,Anderson,taylorwhite@example.org,*uV9E*xw5P,1941-06-23,"059 Williams Track Suite 804
Natashaville, AK 44034",338-487-7094
6526,Clarence,Lyons,dawn43@example.org,2duDy3Jk$3,1954-08-01,"909 Luis Court Apt. 250
Castillomouth, CT 06851",966-318-5385x249
8021,Jonathon,Tucker,sierra29@example.net,_6FI2Sa+35,2020-04-15,"22023 Douglas Plains
South Katie, MT 22697",001-842-400-2470x332
2925,Peter,Jones,gtate@example.net,iz)F6KOl6&,1962-11-30,"186 Hopkins Ford Apt. 408
Port Alan, ME 97856",812.300.1960x957
7195,Emily,Marshall,ronald18@example.org,)5Dls03$34,1930-09-17,"7691 Perez Ramp Suite 393
New Diane, HI 81831",373.604.5429
9157,Crystal,Butler,philip56@example.com,J99YThxmh@,2011-11-25,"59706 Kelly Lakes Apt. 021
East Heather, OH 99230",001-871-989-4281x407
515,Randy,Thompson,robert78@example.net,6d)2I7_$G+,1953-08-28,"927 Ramirez Highway
New Dawn, MO 38432",+1-659-381-0942
1402,Gregg,Jacobs,sarah60@example.net,^E9S79nxLr,1956-10-03,"1625 Dillon Club Suite 327
East Elizabeth, CO 26267",(521)766-6239x9380
8071,Christopher,Lee,samantha28@example.net,1cu4jClp_f,2013-06-15,"198 Hoffman Vista
Lake David, AR 21908",6565564586
8571,Thomas,Thomas,zperry@example.org,(4A*uo8ruU,1953-12-10,"69827 Fisher Creek Apt. 340
West Eric, SD 05808",8685390972
7287,Robert,Rodriguez,jessicamartinez@example.org,M2UFfq%9#z,1937-11-10,"331 Brittany Islands Suite 639
Priceville, AL 98817",001-577-741-9444x0699
4931,Erin,Jensen,jacobssteven@example.net,)w7hwOqg)K,2001-02-08,"569 Cory Club Apt. 976
New Kennethburgh, WV 97578",(349)807-1469x67623
1972,Elizabeth,Jimenez,matthew50@example.net,m_mY9JAjzw,1949-04-02,"0629 Wanda Valleys
Acevedohaven, AR 21109",628.785.9073x625
9840,Thomas,Vang,ewebb@example.com,cQ_Ppf_8(7,1952-11-08,"82907 Padilla Groves Suite 840
Port Andrea, MI 45318",+1-242-891-4930x7035
631,David,Kelley,elizabethbryant@example.net,p6s93CkV)_,1923-10-04,"8184 Jacqueline Ville Suite 214
Port Donaldbury, SD 22118",567-383-3498
8718,Holly,Collins,robertsdaniel@example.net,)K2QMNxw!g,1998-03-24,"9966 Michael Gardens
Lake Ashleyport, WY 54668",001-972-210-7416x9153
4526,Lindsey,Brown,wongandrew@example.net,w$8*8EaGZM,1945-05-20,"2740 Abigail Club
Mikefurt, AR 48256",+1-571-451-3080
1685,Shane,Montoya,alvarezanthony@example.net,%SfTLPkL04,1933-04-24,"89716 Santana Lights Apt. 891
Port Nina, DE 33804",(825)991-9604x99342
3635,Shelby,Clements,heathermckee@example.com,@suJ5PyrLB,1918-09-03,"17784 Lisa Views
Websterton, ID 02920",+1-709-412-9859x73508
3092,Bonnie,Robinson,cortezjillian@example.com,#fQUdn*yZ8,1947-08-09,"89146 Warren Place
Jeffreybury, CO 38604",001-883-376-7356
8586,Frank,Yates,santiagostephanie@example.com,Qz9yNj(i@1,1918-02-24,"180 Chavez Mission Suite 973
Michaelshire, CA 41653",001-539-825-8076x40071
3728,Alexa,Foley,thomascaldwell@example.org,qK!w1NhU^$,1934-09-19,"54408 Omar Isle Apt. 374
North Charles, CT 51779",001-339-719-1197x68384
5183,Jennifer,Moore,cindy53@example.net,dV3YQvnX&I,1975-08-13,"1088 Abigail Divide Apt. 172
Justinfort, VI 73799",001-746-201-5826x8996
3623,Brenda,Leonard,stephen47@example.com,hzSf5e%B@0,1920-02-20,"4003 Watson Mall
Christinehaven, MI 11542",926.496.2616x2580
7508,Jose,Reese,wesley46@example.com,Xr0UEvVjW@,2002-02-07,"90042 Zachary Mountain
Port Marcusport, GA 27973",+1-784-222-5219x350
2025,Timothy,Dougherty,christopher59@example.com,7!c8H3#HKi,1939-12-03,"7288 Jonathon Wells Suite 725
Yvonnestad, WA 28782",640.551.5045x1096
200,Brandon,Chang,donna94@example.net,7GuAN!Ei+p,2013-09-23,"7393 Karen Fields
South Stephanie, AL 15173",645.258.3684x5409
3597,Megan,Cruz,kmejia@example.com,G&o03QFwtq,1929-04-17,"54138 Thomas Knoll
Cardenasland, OH 56863",937.646.5123x70912
7935,Matthew,Hale,johnbrown@example.org,Z)(40@aC3C,1910-10-29,"238 Wallace Oval
Floreston, PW 02139",(406)799-8010x403
5138,Dustin,Johnson,jimenezjoshua@example.com,urM7s^Afy(,1928-09-12,"279 Justin Ford Suite 139
North Sueport, PW 63680",7096906972
6606,Tyler,Smith,usaunders@example.org,)7+_RETs+U,1934-02-01,"629 Espinoza Pass Suite 692
New Rebecca, ID 50586",651-372-7651
6211,Katherine,Oneal,marysims@example.com,J6Xav(WK(o,1925-06-15,"2653 Devon Pines
East Jamesstad, PR 21700",585.541.8399x656
3569,Patricia,Patton,youngteresa@example.org,r^X9fOdMrt,1944-11-24,"98788 Kelly Squares Suite 593
West Amandaton, IL 32965",(220)720-9891x0519
3983,Eugene,Jackson,wwallace@example.net,#SPeNISn13,1985-11-08,"34325 Renee Path Apt. 629
Nathanielbury, AS 20176",001-808-501-9129x5116
4728,Hunter,Johnson,lindsay68@example.com,+0NdGv8iwB,2020-02-05,"575 Katie Meadows Apt. 164
West Vanessa, ME 62478",3364730074
3822,Jimmy,Jimenez,michaelhicks@example.org,$8DRqUawNJ,2008-05-25,"6293 Alfred Junctions
West Paul, CA 67362",+1-334-507-3423
5374,Mark,Stone,virginia30@example.net,2g4PWnv2^G,2012-03-17,"Unit 8696 Box 5734
DPO AE 84210",981-287-5232x4604
1915,Karen,Gonzalez,preed@example.net,v@)8ZTd8Vi,1959-08-29,"923 Paul Junction Suite 839
Barryport, KS 93749",596-663-5392x3222
4462,Julie,Adams,udavis@example.com,v!K7W5dTZ2,1936-08-25,"10149 Davis Roads
Lake Robertmouth, SC 77077",989.376.9358x536
145,John,Gray,zhall@example.org,@1J1$x3Iyu,1916-01-03,"6349 Noble Courts Apt. 229
Andersonshire, UT 24076",+1-692-334-8423x795
6141,Andrew,Wallace,shill@example.com,+bBEgKoE3Y,1957-04-17,"15924 Luke Parkway
Shermanfurt, OK 49413",5317105924
3606,Jennifer,Wilson,rcummings@example.com,I1Sr2neh@5,1930-09-27,"78760 Carol Meadow
Port Jamesstad, NM 58643",961.652.6754
2098,Christina,Lewis,nwashington@example.com,MD(n9#YkqK,1984-06-11,"67341 Smith Keys
Lake Eric, WA 71328",8017430818
5200,Christina,Carrillo,gary19@example.net,!2hfTpebsX,1948-03-10,"918 Jonathan Prairie
Stephanieview, NJ 49961",245-218-3349
9546,Kevin,Brown,parkdavid@example.net,)CFbUbs+5q,1919-10-18,"271 Walker Forks
Perezbury, DC 76166",998.832.8186x17601
5266,Destiny,Delgado,velazquezsteven@example.net,v#!Cu8Nu!g,1973-10-28,"41974 William Extensions
South Caroline, AR 90599",7085375172
9421,Jennifer,Sullivan,fmartin@example.org,*bSXoYjji2,1922-03-16,"06572 Shawn Point Suite 659
Vincentfurt, PW 84536",879-586-7142x69403
7449,David,Roman,wlong@example.com,@0oIIwrUM7,1962-08-03,"Unit 9088 Box 9820
DPO AA 74770",266.965.0620x533
785,Amber,Walsh,btodd@example.net,W0m2GttZ@j,1969-03-22,"3414 Parker Roads
North Gregory, MT 48188",001-653-659-4802x1626
8404,Melanie,Schaefer,chendricks@example.com,(V@LW1FoJh,1988-03-18,"38708 Samuel Flats
Marystad, SC 39003",001-934-763-5172x0585
5927,Matthew,Jones,wyatt59@example.net,_8JQJ$HZYn,1965-07-30,"PSC 8504, Box 6660
APO AE 19086",(692)652-3718x79857
5732,Aaron,Clarke,hwright@example.com,S9KvO*ge*I,1913-04-30,"24856 Craig Drives Apt. 438
North Russell, MP 95521",+1-703-380-9180
1965,James,Lynch,pfowler@example.com,S7ASn4kQ#F,2003-10-23,"Unit 7675 Box 6036
DPO AA 68530",(634)634-7650
4712,Steven,Navarro,thompsonamy@example.net,7sNN7KV1_h,1941-08-11,"6400 Joshua Haven Apt. 364
Smithfurt, VI 79950",7737946418
5881,Teresa,Gonzalez,parkrebecca@example.net,j*3te%BthG,2016-12-01,"PSC 6865, Box 5086
APO AE 68028",949-704-9643
8727,Greg,Mendoza,kevinrivas@example.net,@01Z8n*GVx,1913-07-17,"913 Thomas Crescent
South Tiffanyport, MO 21607",475.774.2229x67910
59,Maria,Aguilar,salazarthomas@example.net,7%1XufnYN@,1914-05-10,"1276 David Port Suite 839
Samanthaton, MH 43926",(299)934-4974
4425,Autumn,Jarvis,kevin09@example.net,1DQ!hs2y)M,1922-03-28,"Unit 7829 Box 0331
DPO AE 87477",001-260-604-5156x6999
8656,Brandon,Spencer,dduke@example.net,Hh6NhwSG+e,1990-09-22,"252 Brian Fork Apt. 746
Nguyenborough, WI 89761",953-621-9632x51397
8978,Patrick,Leonard,wyattcoffey@example.net,l$fH3Xi_W*,1958-11-17,"Unit 8647 Box 4822
DPO AA 85758",546.212.8793x7414
3405,Samantha,Wolf,elizabeth99@example.net,K^X2xbPpjf,1944-09-13,"12458 Lauren Mountain
Carterfort, ID 86327",001-723-766-6250x3736
3040,Daisy,Scott,rodriguezcatherine@example.com,*173N!PYwN,1997-10-20,"135 Jonathan Greens Suite 863
East Alicia, PW 45236",001-556-747-6618x175
2503,Alyssa,Gonzalez,vhall@example.com,@OEDf3Gg91,1990-04-25,"PSC 7927, Box 6234
APO AA 86609",001-442-548-4451x751
8304,Justin,Williamson,andrewrobertson@example.org,&(iQ7hjfq1,1938-10-31,"45714 Kevin River Suite 512
East Allen, WA 76768",+1-488-386-9928x262
2445,Michelle,Nunez,mary57@example.net,jNX5Xnip)2,1960-11-30,"PSC 4459, Box 7360
APO AP 11263",290-505-2872x16817
1752,Pamela,Avila,griffinkatherine@example.com,!ZyG2RxdC9,2011-12-01,"856 Robin Summit Suite 731
Lake Allen, MO 03799",283.590.2875
6082,Kara,Stone,johnsonmichael@example.com,*zO#A+zT0G,2011-03-02,"16304 Amber Common Suite 084
East Danielleberg, WV 51991",(414)213-5210
6460,Lisa,Cooper,cherylprice@example.com,@i9D0a(Y#R,1977-09-16,"08892 Cody Plaza
Kylebury, PW 72369",757.331.0710
9422,Scott,Walker,donald02@example.com,_4VI4gn2d+,2010-04-17,"USNV Olsen
FPO AA 66001",456.820.1485x8984
1464,Robert,Wilcox,michaelhouston@example.net,9*5y^xGzhG,1971-01-22,"7720 Wilson Drive Apt. 783
Port Randallberg, IA 71000",+1-411-744-1302
1453,Sarah,Lynn,efarmer@example.org,)Vn1NmlTV1,2006-10-01,"37817 Cameron Isle Apt. 837
West Derrickbury, PA 40080",+1-225-997-4674x337
6613,Brian,Richards,cpham@example.com,#!WOPJmFX4,1943-01-12,"099 Carson Walk
Port Sarah, IL 36110",835.995.4363x890
7765,Amber,Morgan,adam43@example.org,xJ9TuUoh%4,1931-08-17,"44755 Alejandro Way Apt. 128
Bradleymouth, AR 89989",(276)779-2704x093
8053,Jeremiah,Collins,blevinsdaniel@example.net,#nd)9UVrsT,1999-12-29,"7317 Meyer Squares Apt. 329
South Kyle, KY 10302",7584926632
2333,Jeremy,Hill,stevenhall@example.net,uN0SQWrz*L,1973-07-06,"7173 Robinson Mountain Apt. 092
Anthonyville, VA 98705",846.385.5073
7001,Randall,Hansen,helen08@example.net,mn@eR2Yq@),1944-01-04,"467 John Loop
West Vicki, AS 33255",+1-263-777-2566x505
6997,Donna,Gutierrez,gparker@example.com,8^8YBmuF1#,2005-01-15,"614 Perez Radial Suite 935
Tuckerfurt, OH 71697",(513)236-2505
1987,Victoria,Baker,morrisfrank@example.net,Q4&9ZaIRSs,1909-11-19,"44234 Joe Plains Apt. 082
New Anthonyberg, TN 20222",(839)500-2810x96476
851,Kayla,Carter,william24@example.org,Ek9zjIEn@q,2011-07-04,"24573 Lynn Corner Apt. 348
New Kerrihaven, OR 61642",+1-494-368-6088x200
669,Elizabeth,Eaton,cwright@example.com,1@2VmpnQBW,1914-07-22,"14511 Tyler Overpass Suite 706
Port Kaylabury, NC 51481",9325440810
7548,Ashley,Sherman,griffinpatricia@example.org,*nRQWzMt+6,1942-03-02,"0150 Christopher Flats
Stanleyside, NJ 76732",001-683-863-9878x3755
9967,Daniel,Weaver,davidlee@example.org,#0o^ECgv8f,1971-11-07,"PSC 8264, Box 4088
APO AP 35551",+1-817-475-4588
1383,Amanda,Hunt,tamarachapman@example.com,+68g%yYz@4,1944-06-28,"533 Golden Drive Suite 719
Michaelside, MH 24552",490-801-0442x3086
59,Samantha,Turner,kaylajoseph@example.org,UI#Q5Lqtlp,2016-12-25,"6022 Sexton Hill Apt. 841
Kellerland, MP 84531",+1-928-410-5763
3444,Michael,Parker,joe82@example.org,1+8kxDikMo,1984-08-16,"1693 Dale Valleys
New Jenniferfort, ID 41246",727.489.2644
3475,Alexander,Fowler,dmckay@example.net,XE871&Pfg%,1910-08-07,"65689 Ellis Bypass
West Richardview, GA 49999",278-233-5766x72540
5724,Tina,Shelton,amandabright@example.org,^&5*RLsMeP,1928-12-31,"67220 Scott Radial
Lake Alexandermouth, PR 46254",531-835-6011x9307
8625,Phillip,Lee,ubrowning@example.net,@j7UjHZmj),1947-01-11,"65574 Thomas Junctions Apt. 807
Rebeccachester, OH 71812",5559677368
1954,Michael,Tran,sarah78@example.org,lICY#4Fd5W,1941-06-30,"408 Garrett Greens
East Donna, AS 60460",585-344-7235
4502,Justin,Huerta,erin78@example.net,$)3Q*p9R!g,2017-10-13,"Unit 8473 Box 8163
DPO AE 26498",001-771-529-7893
8172,Michelle,Lewis,bburnett@example.com,ce%e+9Ov)L,1933-03-14,"776 Thomas Key
New Robert, NV 81920",001-761-808-3173x1058
700,Charles,Cochran,melissaburke@example.org,qc2V5*mwX_,2022-10-28,"195 Anna Oval Suite 083
North Rebekahbury, MN 38812",8845965330
4442,Jeffrey,Collins,esantos@example.net,fds9uVuYo%,1969-07-16,"6904 Lopez Tunnel
Montgomerystad, NJ 80826",2694128003
2026,Lindsey,Davies,traceygarcia@example.org,1VFzi%Q6!0,1933-05-27,"76598 Wood Garden Apt. 143
Keithmouth, TN 43021",498-756-8130x7781
3734,Christine,Becker,tranadriana@example.net,!(0AI1Rz(*,1965-02-22,"30923 Brenda Fords Suite 531
Debrabury, IL 03852",681-230-9095x204
6523,Patrick,Mendoza,elizabethwatson@example.net,#9Vs4Dwbyb,1913-01-26,"56091 Wallace Junctions Apt. 286
Gonzalezmouth, MO 10620",(986)930-5718
2776,Rebecca,Rodriguez,chrisbowen@example.com,7PLqj%_h@B,2014-02-15,"1541 Young Forks Suite 899
Torresfurt, HI 30004",379.909.0634x9498
6055,Brian,Martinez,gina33@example.com,$jJf2lGoCJ,2023-03-05,"8732 Taylor Isle
Elizabethfort, OH 02417",001-751-476-3479x1532
3992,Sarah,Myers,wklein@example.com,)6eTDve4r(,2022-09-11,"9600 Price Keys
Lake Johnport, AZ 33267",244-448-8084x9931
792,Cody,Ramos,shortgeorge@example.org,TVz0TW4oD(,1943-12-27,"9720 John Mission
Port Christinafurt, MO 16997",+1-520-824-9791x644
842,Eric,Smith,johnmoore@example.org,M_5#Nwxb4f,1914-10-28,"353 Small Neck
North Carrie, CA 11122",316.433.9671x897
1780,George,Taylor,oscar42@example.net,f%6Ea5B1r(,1991-02-27,"597 George Greens Suite 574
Jenniferview, CA 56012",8282601232
1483,Deborah,Cole,ltaylor@example.net,_u2OD6ro%*,1951-06-18,"99081 Snyder Mill Apt. 180
West Rachelmouth, CA 36077",001-460-667-2856
1280,David,Wheeler,johnsonangie@example.net,%7u6PDb)nq,1944-10-07,"87289 Gary Pass
West Coreybury, AK 20523",250-611-5332x693
5515,Michelle,Finley,nancylloyd@example.net,k!@6YFpply,1953-04-19,"59033 Massey Radial Apt. 385
Lake Ryanhaven, WA 51644",592.730.1323x069
6540,Barbara,Goodwin,mitchelldavid@example.net,Y)v6gK3wV$,1946-12-07,"64632 Evans Fort
Port Jessicafurt, VT 69209",001-277-700-6389x88945
8035,Edward,Wolf,lanerobert@example.com,(4OU+vTozC,1975-09-25,"PSC 8162, Box 0655
APO AP 09891",(244)873-9634
1158,Richard,Johnson,snydergeorge@example.net,(24uHVb25V,1939-02-11,"907 Bailey Parkway
Lake Abigailmouth, FM 35599",3407093591
4123,Pamela,Strickland,deborahsherman@example.com,Wl8Xi4zk^_,1915-07-02,"61527 Ethan Street Suite 061
East Kaitlynfurt, ID 84566",001-725-497-5523x1970
7755,Brian,Sweeney,jennyschmidt@example.org,s3tbR*tf#0,1981-08-31,"56242 Valentine Lake Apt. 931
Christopherburgh, VA 66488",255-683-0423
495,Linda,Mccullough,hurststephanie@example.org,G$(&3gFv3$,1987-04-08,"749 Manuel Inlet Suite 955
Danielhaven, TX 68931",417-537-8323x23971
1045,Ronald,Patterson,jorgesavage@example.com,&B4sII$mY#,1939-11-24,"32687 Erin Plaza
North Kim, IA 66683",205-993-2253x7817
5029,Joan,Stout,adrienne05@example.net,FDMkPcU!+5,1995-08-08,"582 Bryant Inlet
Gibsonport, IL 44596",956-479-2552x8745
9496,William,Price,ccooley@example.org,39F#lN*G%&,2015-05-04,"292 Arnold Gateway Apt. 912
Matthewbury, CT 13236",(700)473-7679x451
2341,Paul,Brown,suzanneparrish@example.org,vk&8)DEmdi,1996-01-27,"239 Angela Mountains
Stephanieland, UT 04421",+1-284-720-1436x5857
2678,Jennifer,Khan,heather10@example.org,8(4giGKVBz,1947-09-30,"60256 Julie Mews
Tranchester, LA 46911",331.238.7404x4135
1683,Michael,Miller,stacygarza@example.com,ZW3jO#a3#z,1990-10-27,"934 Justin Meadow Apt. 443
Wilsonstad, ID 34861",(602)503-2492x8200
7928,Mike,West,mcdonaldgina@example.com,lDzQXJW+$5,1909-01-05,"85304 Turner Springs
Griffinville, SC 19932",001-932-752-8175x450
784,Jonathan,Mason,tammysmith@example.net,%gQKS(nM(4,1929-09-16,"87848 Carroll Fords
North Christina, ME 62917",+1-576-326-5116
8410,Jeffrey,Obrien,jodipalmer@example.net,&$mhXPaZk2,1915-07-13,"852 Jordan Brooks Apt. 437
South Brittany, TX 74066",908.714.9397
623,Michele,Carlson,brownjackson@example.com,quBbuQ@z!4,1925-12-23,"11296 Carol Lakes Apt. 096
Johnfort, LA 94004",001-466-556-3597
631,Melissa,Chaney,dlopez@example.net,w01YQaN32@,1938-11-21,"0973 Reeves Mills
East Christopher, IL 59596",(307)522-3100x467
21,Joyce,Hale,julieallen@example.com,@3!L1Q*I(l,1985-12-04,"99947 Kristopher Point
Port Johnview, PA 47392",711.300.5843x1735
5151,Kenneth,Jones,keith81@example.com,)H4LrQasyc,1995-03-14,"944 Dawn Path
North Kimberlyside, ME 55396",+1-375-913-6094x604
6642,Donald,Riley,imorgan@example.org,6_y6NdKqJx,2017-10-08,"3305 Mayer Trail
Lake Kaylaland, AK 24586",523-945-2367x842
4092,Amy,Jones,mary23@example.org,1W04Du+Ee^,1940-06-07,"34968 Raymond Gateway Apt. 278
Gardnerburgh, IA 38408",+1-823-402-3078
3443,Lindsey,Taylor,marysanchez@example.net,$mLTHu(o04,1917-05-21,"394 Mathews Locks Suite 084
Aaronport, OR 52476",325-885-1276x51070
8801,Joy,Harding,stephanieortiz@example.net,H*1F8wnBIh,1948-06-21,"76614 Wolf Crescent Apt. 776
Port Susan, TN 51483",+1-887-348-5961x08642
6858,Andrew,Francis,gloria62@example.net,(jYBYjyy2I,1942-12-19,"506 Jill Square
Owensfort, VT 11933",4158777309
2129,Daniel,Howard,dustin17@example.com,&Y*1Z%lWgX,1937-06-16,"USS Warner
FPO AE 91692",001-696-644-7369
6868,Thomas,Reyes,anita08@example.org,(4MK)1x7*u,1956-05-11,"91026 King Branch
Jesseport, GU 15793",674.609.6074
6618,Andrea,Cummings,sydneysmith@example.net,z+cm9xEkZ#,2001-05-02,"79744 Jeffrey Field Suite 682
Russellberg, AS 69859",770.201.5395
780,Michelle,Rollins,lwagner@example.net,6nDYXvV1@a,1922-02-19,"78626 Walls View Suite 487
Johnsonstad, CA 96955",+1-622-807-9910
3448,Breanna,Parker,megan33@example.org,2#SK_a#Q!3,1929-01-05,"PSC 7820, Box 1086
APO AE 32881",686.717.8235
3528,Thomas,Buck,mdunlap@example.org,#j5FV9Nh$$,1990-10-27,"5132 David Causeway Suite 749
Robertmouth, IL 50031",2283063495
3342,Stephanie,Steele,baldwinsteven@example.org,*5_Pu*^AO9,1936-10-27,"382 Kathleen Park Apt. 229
South Michaelhaven, MD 83378",001-677-942-3309
2358,Jesse,Peterson,michael96@example.org,r2X!PcUZ&b,2001-08-22,"476 David Camp
Moorefurt, IN 57872",702-216-5896x731
8887,Dana,Ryan,robertsullivan@example.org,^7TpMpkFNn,1937-02-13,"57856 Kevin Vista Suite 943
Changmouth, FL 68030",001-806-911-7010x248
8584,Virginia,Rojas,elizabethmiller@example.com,#3E3NMXqHl,1979-08-23,"60946 King Isle
North Rhonda, PA 74528",+1-764-735-5676
5198,Elizabeth,Miller,brian09@example.com,X_8&SAZoIo,1937-07-06,"200 Sanders Locks Suite 180
Millerview, MN 46741",(711)207-5927x38798
3237,Carolyn,Swanson,fking@example.org,+vYAl4)f%7,1956-02-09,"998 Diana Ways Apt. 876
Ashleychester, ID 49037",718-682-7594
9490,Emily,Lynch,david30@example.com,j2OKQWGk_J,1969-06-06,"81335 Thomas Street
New Danny, WI 54820",(796)865-9046
9659,Mary,Moody,kellybrown@example.org,f0RZaL!7(*,1954-06-02,"517 Patrick Isle Suite 679
Jacobchester, MS 70579",3747973438
9032,Ryan,Vasquez,johnnorman@example.com,19NT!hzv)2,1951-01-26,"146 Nicholas Harbors Apt. 803
West Michael, TN 10104",505.482.2184x5150
3711,Scott,Walsh,janet15@example.net,@_Oc#zayU5,2005-10-28,"124 Christopher Mountains
Waltonville, FM 52189",5526043445
5372,Melissa,Lee,tmiller@example.net,!Iw96FeVk%,1999-08-18,"79165 Jason Glen Apt. 542
Robertfort, AR 26323",(690)610-5036
3859,Jennifer,Henry,chambersruth@example.net,13Xv(bBJ_$,1912-11-19,"101 David Port Suite 052
Owenton, MO 42667",968.592.0013
8135,Robin,Armstrong,vcarter@example.com,)JT!cue+6b,1951-11-16,"27932 Drew Green
Seanbury, KY 73820",(626)621-5543x2582
476,Jennifer,Padilla,rhondacooper@example.com,@56GelsB7m,1950-03-30,"07421 Nicole Overpass
Meyerhaven, NV 78762",804-337-3283x8458
6610,Krystal,Johnson,williamsonpamela@example.net,+SA7nIvM3g,1960-03-07,"9059 Aguilar Key
Carrchester, ND 44862",673.946.6158
949,Samantha,Burgess,uruiz@example.net,32xHbENl)S,1984-08-23,"37685 Dorothy Mount Suite 556
New Dominiquebury, MD 90729",001-846-825-8403
4945,Ashley,Meyer,cummingsroger@example.org,bAc89@Ax)F,1975-11-10,"42782 Ryan Route Suite 088
West Sabrina, CT 89469",(821)763-3469
7702,Alan,Williams,zhangray@example.com,Z)+9@Brns3,2004-01-07,"3862 Brian Ville
Holtberg, CO 68865",+1-720-502-2250x9922
5457,Jessica,Evans,qgibson@example.org,+mb5NRh+L1,1961-04-15,"71385 Brandon Plaza Suite 835
Mendezland, OR 83852",(826)845-1136x414
1349,Jordan,Sanchez,christopher83@example.com,YPH9ZljpQ&,1926-10-19,"214 Kyle Path
North Brandonstad, IA 01008",998.270.7370
9079,Katherine,Perez,aguirrejoel@example.org,63UKZ+*e)W,1943-06-13,"57646 Chang Isle
Robertsland, ID 06502",001-870-627-8338x3265
8628,Gary,Greene,brittany72@example.com,Q06Ed5Ck!V,2008-12-29,"104 Jonathan Forks Apt. 817
Port Jerrymouth, GU 16447",001-642-732-0280x272
9895,Robert,Hart,kristenfischer@example.com,$)B#mj(kO4,1994-11-03,"PSC 4297, Box 0768
APO AE 46552",209-649-2418
5946,Rhonda,Smith,bryan16@example.com,r%9CqmLbWa,1963-04-26,"9012 Clark Well
Port Jonathan, TN 14644",+1-761-881-7122x09463
9993,Michele,Ewing,youngchristopher@example.org,7#8JUk6+!5,1983-04-13,"0132 Campbell Heights Suite 463
Rodrigueztown, UT 64401",3032447472
5216,Mary,Grant,vweber@example.com,oh#l0NFk2f,2021-12-27,"PSC 3976, Box 9222
APO AE 48320",001-276-836-6174
594,Kerri,Jones,jamie80@example.net,%LMpx+kev9,1970-06-11,"74439 Joshua Mount Suite 708
Kristenfort, ID 85151",627.296.9558x9991
3657,Olivia,Russell,sarah78@example.org,8^P0XS1A*x,1921-03-21,"734 William Crest
Port Marcbury, UT 80039",001-208-545-5834x5628
70,Hector,Smith,michael84@example.org,n(4YFupyc%,2011-09-02,"Unit 5037 Box 7006
DPO AA 05375",857.347.5501x81121
1045,Elizabeth,Williams,luis88@example.org,^c11Y)Ja4h,2004-05-29,"2535 Kelley Course Apt. 887
Danielside, MA 67487",+1-442-242-9308x9069
885,April,Dillon,williamsdeborah@example.org,)L2+EGMht+,1926-01-29,"70138 Karen Drive Apt. 871
Lake Martha, MO 52722",382.651.8791x02004
3180,Matthew,Graham,dvelez@example.com,%5Uv#%xsk1,1930-12-17,"30416 Hill Brooks
Amandaborough, GU 25884",+1-821-799-2130x4702
6195,Jorge,Bush,jessicabell@example.org,((877BjpA$,1973-05-23,"49751 Marks Creek Suite 145
Smithton, TX 13146",3109352979
8046,Margaret,Flores,hortonanna@example.org,(8T$caJnLW,1936-10-15,"39064 David Corner
South Lindaton, KY 47168",2152326256
5353,Deborah,Rios,lwilson@example.net,tW8N^hSa@8,2020-10-12,"68959 Simpson Fort Suite 962
North Staceyport, LA 84204",(279)547-7378x1654
362,Christopher,Hall,torresjames@example.com,*)!k9^Gz(A,1977-04-20,"598 Reed Station
Sallyburgh, MA 23436",001-254-270-7947x854
5559,John,Smith,vjimenez@example.org,Z7wGA2sy*1,2017-02-03,"0870 Blake Heights
Howardberg, MO 01293",+1-802-710-3711
5252,Rebecca,Castro,robert53@example.com,VjTIMnhl_1,1939-07-07,"0322 Gray Lakes
Anthonyberg, GA 87922",(514)420-6000
8690,Susan,Boone,juan55@example.com,XEUz3Pgg@*,1939-08-15,"0096 David Roads
East Donaldchester, NH 46854",(310)215-5045x29347
1370,Pamela,Edwards,luiswilliams@example.org,+)6G4OvD1v,1909-01-19,"9682 Torres Harbors Suite 065
Harrisstad, VI 04837",+1-357-860-5781x12551
6315,Patrick,Garcia,wilsonjohnathan@example.com,*a!NNrH0u&,1925-08-26,"49077 Alvarez Underpass Suite 749
Ramirezberg, FL 52949",001-995-303-2294x7122
4674,Eric,Lyons,kfigueroa@example.com,$hreO7pP%8,1991-12-08,"6377 Jordan Isle Apt. 925
Mcdonaldport, PR 40194",001-422-440-7772x51793
8664,Christopher,Stewart,mitchelljeffrey@example.org,!N0EZb!g0X,1915-11-26,"8098 White Parkways
Perezland, PR 14060",327.947.0719x65576
6631,Michelle,Williams,upeterson@example.org,O5UjIqN__&,1997-06-29,"61190 Kim Coves
Lake Laura, LA 92691",001-578-491-6008x60786
8414,Rachel,Duarte,tinakelly@example.net,)WOP(PyZ1C,1922-11-02,"3937 Walters Pike
Richardstad, KY 97254",273-917-7709x581
7289,Thomas,Rogers,andersonjose@example.com,*yzu7Zcs+),1980-02-09,"8340 Smith Groves Suite 202
Henryside, HI 97022",001-776-496-9870
8316,Andrew,Johnson,yhughes@example.net,&0CLl3LW8h,1936-09-06,"275 Amber Junctions Apt. 188
Alanbury, PR 52656",(805)339-1399x5414
4433,Brianna,Brown,hgallagher@example.com,(5dpAk*co4,1999-01-05,"PSC 5318, Box 6687
APO AE 03798",001-844-473-9530x260
278,Lonnie,Baker,nicole19@example.net,)O+4R6pm#G,1922-10-19,"0149 Patricia Lock Apt. 976
Cruzhaven, VA 23595",616.373.8928
687,Christopher,Wagner,franksmith@example.org,)$iPNUoEm4,1955-10-06,"PSC 0803, Box 3431
APO AP 61523",549.930.9480
2773,Erin,Davis,andrearodriguez@example.org,K^8yV7WzYr,1983-05-07,"PSC 3283, Box 6410
APO AP 75410",+1-577-649-9366x1458
5644,Bradley,Arnold,erichards@example.com,9O#0ZD9wp+,1949-10-30,"51842 Tracey Keys
Port Stacey, MN 07104",(386)942-2142x86198
4499,Anna,Lopez,juanwest@example.net,728O+Ia6^*,1989-04-15,"94509 Diane Court
South Nathan, WA 86959",624-556-2784x79900
8392,Anthony,Mcgrath,sanfordcaroline@example.net,bo#4sNZoYW,1949-01-02,"81403 Carlson Passage
North Ronald, OK 01280",+1-202-588-7791x78700
7477,Patrick,Smith,beanwalter@example.com,$JJBTv!Qr1,1984-12-06,"68200 Christopher Knoll
West Stevenchester, ND 21460",001-569-984-8385x887
2831,Nicholas,Jones,paul44@example.net,%aXJ0QXvkS,2015-09-06,"USS Perez
FPO AP 01444",803-816-8719
9242,Jason,Christensen,christopherellison@example.org,!udUqZo6k0,1928-10-14,"46406 Moyer Drives
Stevenberg, MN 17429",001-790-829-9740
7955,Ricky,Jones,hendrixmichael@example.net,qK8#3sr@!2,1919-05-03,"7864 Zimmerman Drive Suite 729
North Lauraside, OK 83357",850.880.8965x81090
196,Deanna,Williams,jasontaylor@example.net,N0^jZ7ZyR2,1952-06-18,"6461 Davenport Village Apt. 462
Shawnport, MA 84955",671.419.3934x68262
7826,Shannon,Dennis,juanschaefer@example.com,_0YrUjxq!x,1972-12-08,"7687 Beck Lodge Suite 856
Curryborough, ND 79817",(711)919-8386
1047,Rodney,Powell,obean@example.org,h3@EpP+j^9,1955-05-20,"0656 Hanson Forges Suite 287
Amandaview, NE 46302",376.734.5086x1415
7272,Sierra,Roach,maryblack@example.net,&ZEaZ@gm(3,1914-08-09,"PSC 0585, Box 6861
APO AA 59582",453.369.1894
2312,Adrian,Robinson,tmartinez@example.com,HS)#7F9zw8,1917-04-16,"7534 Dickerson Terrace Apt. 040
South Marcusfurt, NC 73490",+1-632-525-3580x2242
1936,Christy,Allen,jfletcher@example.net,oC8LKBPbu$,1993-06-04,"PSC 4901, Box 6843
APO AA 53799",001-795-567-1683x458
7941,Samantha,Rubio,matthew51@example.net,E_9yAYedw4,1969-11-16,"063 Amy Crossroad
Pinedaborough, WY 32416",001-848-782-4581
433,Jacqueline,Farmer,jean57@example.com,%&$KqaJkL8,1950-02-05,"80152 Douglas Manor
Tammyburgh, IA 39332",7237647283
6037,Russell,Murphy,mariacarey@example.com,Ce3YvZ^Q_2,1995-07-23,"550 Edward Curve Suite 415
New Edward, NH 20969",(465)711-0370
7792,Wanda,Bennett,daniellawson@example.net,l6JVkJew$i,1909-12-10,"2880 Collins Crescent Apt. 064
Port Jonathan, MD 59309",001-913-354-3317x449
6771,Deanna,Benton,ryanallen@example.com,jdCL9Spg@3,1933-11-11,"USNS Horton
FPO AE 23719",669-221-2822
9451,George,Benton,heather59@example.com,@Y3LbJWwYK,1946-12-27,"761 Solomon Spurs
Victoriaview, ND 14569",272.975.7528x7352
4208,Janet,Dunn,christinacummings@example.com,v4R7reSp(g,1990-09-26,"Unit 9057 Box 0393
DPO AP 35351",309.890.8200
6181,Margaret,Powers,larry10@example.com,bF8WYad8j&,1961-07-12,"20101 Sherman Creek Suite 598
Mannchester, TX 43295",696-416-5019x305
7612,William,Alexander,robincallahan@example.net,S!c&h9X)tz,2024-10-09,"02040 Wilson Harbors Suite 741
North Scottfurt, MO 76574",793-990-1980x11268
2548,Matthew,Merritt,brooksdaniel@example.com,ujS%m_aU@5,1990-07-13,"PSC 8240, Box 5835
APO AA 68640",662-235-4809x0992
4325,Nancy,Murphy,dawn36@example.com,ZX@LPL3q&8,1912-12-08,"6794 Bates Hill Apt. 135
Perezport, VI 54616",857-415-3976x945
874,Nicole,Garcia,ttownsend@example.org,)6ANAMyl#S,1983-01-14,"238 Cody Turnpike
Oliverbury, MD 21099",216.871.2324x580
7580,Anna,Peterson,xeverett@example.com,$_ArA*H#$2,1928-01-20,"00479 William Spur Apt. 173
Ambershire, OH 50590",827-466-3655
8953,David,Smith,daniel92@example.org,p@0Caf+^!3,2005-01-03,"54855 Johnson Streets Apt. 112
Susanburgh, TX 41466",001-789-770-0513x4371
2679,Julia,Castillo,edward70@example.com,17i3YBj)@4,1918-05-11,"2368 John Manors Suite 468
Millerville, MN 36369",(340)581-9156x7116
1032,Amy,Osborne,andreacook@example.org,MB68ATyB#2,2020-02-09,"741 Ingram Orchard Apt. 602
Marshallton, MO 60618",+1-420-750-7586x8204
162,Meagan,Cole,mathisjuan@example.org,t(61Jw*7%l,1943-08-21,"742 Smith Tunnel
Kellyton, GU 67435",291-756-6724
676,Alexander,Ramos,xnorris@example.net,DZ6lx5Qt1*,1990-12-09,"8005 Tracy Plains Suite 439
West Brenda, IL 61429",980-819-9536
5506,Benjamin,Delgado,blackjames@example.org,)LoAx7Qq&6,1921-02-08,"6996 Thomas Mills Suite 536
Lake Jeremyport, WY 41969",(676)696-5405x94590
9082,Monica,Torres,bcaldwell@example.org,Cb2MAPuej+,1929-10-11,"3869 Terrance Hollow
Garciastad, OH 26687",664-705-1668
5331,Gregory,Long,marcus71@example.org,@2oTOnVcce,1929-10-27,"9736 Anthony Shoal
West Mandy, MP 48791",699.811.9559x3273
6134,Paul,Summers,cervantescarl@example.net,$C4NvRScqe,2001-12-29,"8759 Mclaughlin Brook
Hensleychester, VI 66694",448.565.1116x282
8831,Nicole,Green,burkeglenda@example.org,^KN+hklMj2,1995-03-13,"871 Williams Plains
Markview, CT 55709",(780)256-5958x13839
1192,Suzanne,Stone,lewisstephen@example.com,%u3Dsomst%,1920-09-12,"798 Amy Drive
Lake Kenneth, IA 12004",475.773.5678x8659
2286,Mindy,Patel,madison72@example.net,@1MG)IGp#7,1948-03-20,"95030 Amy Lodge
Scottfort, AK 25407",(921)456-1514x191
8986,Rhonda,Monroe,alexa47@example.com,YG37*C&c0&,2016-04-06,"143 James Circles
Danielhaven, IN 70666",720-850-1114x3503
6059,Alyssa,Whitehead,johnsonsean@example.com,NgF3ZRou(K,1943-08-12,"0136 Michael Track Suite 402
East Kristin, AL 39894",(851)279-2452
1916,Sara,Smith,millerapril@example.com,)%8#3$$p%J,2011-01-27,"127 Griffin Mission
South Joshualand, MN 95094",267.824.1849x0903
9112,Susan,Simmons,johnsonpatrick@example.net,)Y&EHs%r83,1940-11-16,"USS Allen
FPO AP 22816",+1-842-304-0480x26398
2975,Juan,Watkins,fedwards@example.net,)lDXResr2^,1929-04-27,"6452 Nguyen Courts
Jenniferborough, MA 21080",820-560-1340
9580,Matthew,Carr,sshepherd@example.org,N7PXPmre*l,1953-11-17,"53118 Audrey Shoal
North Kelly, TX 37986",(880)681-9789
5431,Troy,Davenport,petersoncassandra@example.net,t9LEK3ta_j,1994-12-02,"40449 Gibbs Knoll
North Ericaberg, DE 18911",241-238-7041
3159,Joanne,Thomas,christopher03@example.net,J_2JJrmC8C,1951-09-20,"92220 Christopher Cove
West Andrew, OH 50665",(320)714-5694x1745
5777,Noah,Sloan,nancymyers@example.net,5#OR#h71)1,1976-11-28,"2017 Scott Fields Suite 129
South Joel, GA 88191",001-520-233-3076x37598
6153,Kelsey,Perez,christopher30@example.com,E*REtSR07v,1949-04-16,"0128 Lewis Course
Martinhaven, PA 37014",643.487.7195x001
3489,Denise,Davis,breanna11@example.org,ER!8q1Mcq4,1963-09-15,"8659 Kyle Drives
Port Christy, NH 76285",(619)497-3129x30054
9625,Marie,Bennett,dixonmary@example.org,c3OvXL*&&d,1951-06-27,"88230 Wells Parkway Suite 743
Gavinchester, FL 43231",623-280-4941x12472
3729,Monique,Love,john89@example.org,7(cRY5yb(i,1946-02-12,"42019 Stephanie Well Suite 927
Hannahborough, MP 11854",001-737-587-5052
4942,Kimberly,Chapman,qbush@example.org,C1SWiuMk(r,1987-11-01,"7595 Barbara Vista
North Andrew, WI 15971",(955)967-8800
6815,Jesse,Davis,amandawright@example.net,P%)hRnhD@3,1923-11-14,"2623 Castillo Extensions Apt. 218
Hawkinsmouth, UT 67635",+1-606-934-8485
5593,Mark,Stephens,sabrinakemp@example.org,E!29PHqXqq,1932-03-04,"0057 Miranda Ranch Suite 891
Lake Charlesland, AK 73905",334-376-5778
7884,James,Gonzalez,kyle73@example.com,@8nFbD5PXd,1913-12-24,"273 Sparks Rapid
Stevensmouth, AZ 19422",(356)674-4050x084
9348,Kayla,Oliver,georgewhite@example.net,+x0HzIlw3j,1935-12-22,"652 Lopez Knolls Apt. 713
South Kim, CA 54228",001-250-945-0549
2909,Jill,Zimmerman,frankgutierrez@example.com,a9GUSJej*l,1980-09-07,"10451 Mary Keys
East Terriview, MI 77944",(316)469-8844x569
2462,Jason,Cabrera,bwhite@example.com,Th%8xPrvQ$,2013-01-15,"Unit 0104 Box 2013
DPO AP 34611",001-598-612-1304x04562
2705,Amy,Jones,jpadilla@example.com,Xc60Z0cwL+,1949-09-14,"750 Eric Valleys
Port Michaelberg, WY 97279",001-726-655-5524x593
8829,Tammy,Anderson,porterzachary@example.net,#Eu1BN^cET,1924-09-15,"236 Yang Locks Apt. 723
New Williamburgh, WY 06830",9619220376
3168,Allen,Todd,timothy48@example.com,uvNS5Pt&+^,1974-01-04,"USNV Ramos
FPO AP 51284",608-482-3375
2587,Jessica,Ortega,nmitchell@example.org,3)&loSgZ_6,1947-12-14,"1689 Gina Village Apt. 594
Lake Rossport, CO 16279",001-238-647-3412x4831
4806,Amanda,Miller,jtrujillo@example.net,(P!V^1qhj0,1921-01-10,"27420 Conner Place Suite 179
South Chadside, SD 57208",217.350.4465
2737,Mark,Lara,probinson@example.org,@tOIjWdr$1,1944-11-28,"1286 Antonio Islands
East Pamela, NH 94571",709.247.5621x5990
9351,Ashley,Vazquez,sandracombs@example.com,#*rat15veN,1916-11-13,"1618 Benitez Club Apt. 414
North Brendanside, OR 61520",+1-840-556-6143x9302
5106,John,Robinson,ricky66@example.com,u&R0VwPyue,1929-03-24,"94690 Crane Trail
Christopherberg, OR 09187",(211)292-7841
5898,Lori,Pearson,johnmorgan@example.com,Z7nW9Tn6O!,2021-10-01,"USCGC Morales
FPO AE 94573",607.308.4960
2648,Nathan,Boyer,sara99@example.com,&Z9uV2Eq!$,1925-04-21,"6973 Bean Harbors
North Jenniferborough, NE 36020",568.524.4871x1717
2009,Catherine,Morton,carolyn83@example.org,(H7Y1xwwsq,1932-05-15,"24018 Michael Underpass
North Mirandastad, NE 31023",(548)251-3152x8686
8553,Randy,Ponce,acevedogregory@example.org,LGaE8G&an_,1958-05-12,"Unit 4395 Box 2803
DPO AE 77115",(649)721-0674
4609,Trevor,Smith,jasonmurphy@example.net,n0pfAkmK@6,1948-06-28,"0852 Thomas Pine Suite 463
New Georgehaven, AZ 22436",(642)531-9762
9802,John,Miller,morganballard@example.com,$6UR1Amnsv,1945-11-28,"258 Kimberly Ridges
Port Gary, ME 46502",(276)856-2007
8867,David,Phelps,sullivanpeter@example.org,mL8&80QwY*,1985-12-31,"USS Villegas
FPO AE 94596",(535)614-2649x8768
8083,Angela,Clarke,asmith@example.com,i$ZHEw5v_8,1922-11-07,"17878 Reyes Summit Apt. 467
Moraville, NJ 54930",235-309-6514
3048,Judy,Leon,collinsmatthew@example.net,(4u9VsTT^h,1953-02-15,"Unit 9725 Box 1168
DPO AP 15406",335-251-8240x749
6615,Donald,Williams,ounderwood@example.net,84^6WZpcdY,1983-04-24,"83116 Rivera Turnpike Suite 852
Darrenbury, KS 95764",(963)202-3632x336
1363,Jonathan,Wilson,kelli69@example.com,+7VbUvAj#v,1928-06-14,"286 Hogan Village Suite 735
Cookstad, NH 86928",746.239.4673x21646
5626,Justin,Ortiz,danielpowell@example.net,H*1XovMH^D,1977-01-14,"03296 Torres Fields Apt. 428
Juliafurt, GU 84322",6574375724
4150,Mary,Gibbs,jensenheather@example.net,RgWF1KOsP(,1933-10-23,"58420 Martin Prairie Suite 965
Dianehaven, MH 90446",(840)279-3166x463
5475,Denise,Christian,schultzrussell@example.net,A5+RqTZH+h,2010-10-24,"0462 Robert Neck
Jacobstad, CO 97599",001-550-256-3747x6186
6545,Angela,Miles,gatesdaniel@example.org,te6PJ%ZIj+,1934-04-08,"USNV Long
FPO AE 58636",(657)480-2583
3596,Richard,Shaw,burnsjennifer@example.net,)kwYkbm7@6,2013-04-23,"324 Perkins Terrace Suite 261
Lake Emilystad, NE 60112",601-858-1361
9425,Lindsay,Williamson,kyle44@example.net,#%ZB72Lh$3,1990-10-01,"7677 Rebecca Lock
Lake Rachel, AK 40514",739-626-1640x55706
925,Katherine,Walker,john45@example.org,e%eF6Btr26,1991-07-09,"713 Wendy Forges
North Paula, GU 53215",839-462-4365
4134,Douglas,Howard,jeffreyscott@example.com,y(2X4LKpTX,1952-03-16,"60124 Lane Ways
Samuelfort, FM 80278",798.376.1210x9302
6387,Johnny,Cannon,williamsbrian@example.org,)xu0vJLyp9,1951-11-04,"443 Linda Union
East Victorburgh, NC 02872",001-276-413-8082
9778,William,Alexander,haroldreeves@example.org,BV!99TEiG5,2013-05-25,"3368 Marquez Mountains Suite 109
Mcgeeville, NH 66992",+1-853-441-3751x6507
5973,Heather,Rose,bakerjoel@example.org,3B3&7hCl@8,1947-06-27,"92971 Stuart Forest Apt. 743
Reedhaven, NE 80396",690-223-1426x08208
2001,William,Santiago,harveykarl@example.com,JKO6*EHaB^,1985-04-17,"2326 Wagner Glens Apt. 492
Jasonmouth, HI 39849",297-636-0302
3470,Brenda,Taylor,smithadrian@example.net,O59$FlokI+,1998-10-21,"718 Martinez Glen
South Christinetown, RI 06679",001-806-216-4367
4084,Timothy,Hill,cnovak@example.org,v^$1yFnWlK,1996-11-15,"USCGC Cruz
FPO AA 19673",4936009360
3296,Linda,Johnson,wfrederick@example.org,*500WYkrXv,1975-02-17,"400 Renee Center Apt. 038
West Maurice, NE 81359",(731)415-2563x480
618,Charles,Banks,wilsonchelsea@example.com,CR5S6Tbm^!,1965-05-15,"556 Brandon Fords
Lake Meghan, CO 86928",+1-278-259-8059x71748
5975,Lori,Morrison,ngallagher@example.org,vu_4JgpB#&,1932-05-12,"007 Wu Mission
East Cassandra, AK 58009",2647209298
3384,Jonathon,Cooper,sandrabennett@example.net,tnkv8R$bV@,2018-02-12,"47014 Cindy Mills
Brandimouth, KY 99949",(975)841-2956x010
8747,James,Vasquez,ltucker@example.net,PKj9EO%z#%,1955-04-17,"38396 Hernandez Overpass
North Bridget, IA 66162",450.826.4359x50507
2124,James,Shea,bshea@example.net,$z9^uVQfuu,1995-04-21,"8110 Knight Trafficway Apt. 359
Annachester, OH 01124",686.449.3977x20268
9473,Wayne,Brooks,janetfarmer@example.org,8d29zIR63#,1916-10-09,"298 Ronald Ridges
Moodyhaven, ID 16249",6825083970
7493,Angela,Cortez,catherine10@example.com,_RxTjVZe7i,1941-07-29,"15461 Jillian Court
North Jasonbury, MT 52481",483-684-9870x85428
8863,Rodney,Anderson,cynthia63@example.org,_2r1Um6BBe,1969-03-05,"2880 West Ville
Browningborough, NM 09899",219.448.3473x9780
3185,Kimberly,Diaz,maria82@example.org,%ToSug1YB6,1913-10-09,"Unit 9248 Box 3663
DPO AA 30853",536.511.3607x32119
2988,Wendy,Cain,burtonjeffery@example.com,^G8pU29jb2,1989-08-08,"563 Lewis Grove
South Richard, WI 39466",(329)736-8523x98450
5117,Jose,Adams,brenda77@example.org,3_(7CWSx+R,1942-04-22,"142 Lisa Dam Suite 139
West Kevin, DE 65875",803-823-8245x533
1048,Lauren,Davis,wadkins@example.com,w#we7IjH_m,1950-12-07,"1547 Mendoza Forest
South Jenniferfort, KY 88771",6988271611
5569,Catherine,Lopez,carol17@example.net,u(1A*CZi#D,2008-08-26,"243 Kimberly Locks Suite 205
Lake Gilbertton, AS 61118",001-607-421-6179
5531,Michael,Mooney,lamberttravis@example.com,DC$Q3RSaP+,2013-10-09,"386 Robert Turnpike
Myersview, MS 14412",001-388-821-6106
602,Gregory,Stewart,pyoung@example.org,USwnL%Jv&8,1962-04-21,"31436 Jacob Viaduct Apt. 125
New Laura, IL 82949",642.609.3786x74233
7007,Doris,Schroeder,cwhite@example.org,fJn9*8Zq_q,1985-03-02,"44461 Michelle Lakes
Brittanymouth, IL 00781",(947)449-3049x282
9556,Michelle,Leach,gomezangela@example.org,gq6nHEq3(t,1942-08-25,"6798 Conner View
Royburgh, PR 18696",6392701702
5504,Crystal,Huff,xarmstrong@example.net,@Z8DihfN*e,1987-04-20,"965 Sandra Stream
West Christopher, SC 15851",+1-884-626-4828x2118
3242,Sabrina,Cook,lray@example.com,EF6XVQsYO_,1953-06-15,"378 Mays Way Apt. 835
New Stephanie, ID 66185",808.807.5343
8310,David,Johnson,roweelizabeth@example.com,Psb36fPmv#,1951-09-23,"1927 May Neck
Port Timothy, RI 94420",001-475-940-1623x92739
5083,Duane,Vargas,margaretperry@example.org,@@2CxHJo&4,1977-02-17,"13060 Danny Crossroad Suite 413
Heidifort, WV 89271",937.280.1742x49359
8448,Laura,Wade,jtaylor@example.org,mn$3IuRtlb,1984-12-21,"9410 Bowman Way Suite 487
Anthonyborough, OH 64770",+1-743-660-6306
1324,Heather,Harris,leefleming@example.com,1Ki_q&2z+V,2022-05-25,"8356 Barry Isle Suite 699
Wendyfurt, AR 34987",(873)984-1530
137,Sandra,Wilson,matthewnguyen@example.com,%c5q5fKeni,2021-11-20,"3935 Lee Tunnel Suite 805
New Leah, ME 46342",456.355.4203
8528,Christopher,Sanders,christopher55@example.org,z(ET9Ljlw*,1916-06-12,"5684 James Drive Suite 750
Frenchshire, NV 36107",001-741-435-0829x6828
8660,Victoria,Smith,rrose@example.net,#9FnuOUn7m,1954-07-02,"Unit 5902 Box 4961
DPO AP 71246",537.706.4569x13183
8455,Dan,Aguilar,ysimmons@example.org,n4JKcHlg+b,1931-05-14,"4520 Campos Way
New Brandon, HI 47257",(965)563-0422
7986,Darryl,Williams,melissa86@example.net,w+*$0WkJF8,1987-03-29,"77397 Carlos Lodge Suite 912
Kaylamouth, KS 33015",775-419-6592x278
8421,Jessica,Torres,jeremyfox@example.com,@1yUU4IGp3,1969-03-25,"22134 Cooley Point
Port Jasonton, UT 80963",778-932-0687x692
1184,Tammy,Harrington,heather46@example.net,#Hel!Ebe7r,1961-12-11,"96644 Lewis Prairie Suite 395
New Troyville, ME 85326",809.308.2133
6017,David,Smith,randallstephen@example.org,_5pO0#Mk95,1918-07-12,"Unit 5991 Box 2102
DPO AP 76359",3998195649
8559,Kathryn,Evans,richardpark@example.org,)rN0#GmV$_,1987-02-24,"07969 Bird Camp Suite 000
South Danielton, CT 44156",(363)345-6918
7888,Traci,Gonzalez,veronica63@example.org,*K%6K0Gr92,1984-05-02,"957 Cassidy Greens Apt. 976
Port Amybury, NE 32381",3336691935
5645,Frank,Jackson,mallory42@example.net,4kB328eF$j,2008-05-19,"5494 Turner Rest Suite 761
East Carolyn, SC 18422",957-496-9934
